model	K	ic	params	epoch	loss
ScCP	5	32	13250	1	131.650446
ScCP	5	32	13250	2	24.866635
ScCP	5	32	13250	3	12.637704
ScCP	5	32	13250	4	2.924321
ScCP	5	32	13250	5	2.787206
ScCP	5	32	13250	6	2.351563
ScCP	5	32	13250	7	1.188760
ScCP	5	32	13250	8	1.550493
ScCP	5	32	13250	9	1.122198
ScCP	5	32	13250	10	1.022093
ScCP	5	32	13250	11	0.831874
ScCP	5	32	13250	12	0.820250
ScCP	5	32	13250	13	0.754488
ScCP	5	32	13250	14	1.110696
ScCP	5	32	13250	15	0.641952
ScCP	5	32	13250	16	0.564441
ScCP	5	32	13250	17	0.547228
ScCP	5	32	13250	18	0.470110
ScCP	5	32	13250	19	0.459115
ScCP	5	32	13250	20	0.437702
ScCP	5	32	13250	21	0.431005
ScCP	5	32	13250	22	0.414680
ScCP	5	32	13250	23	0.439830
ScCP	5	32	13250	24	0.399420
ScCP	5	32	13250	25	0.394174
ScCP	5	32	13250	26	0.383870
ScCP	5	32	13250	27	0.375921
ScCP	5	32	13250	28	0.410603
ScCP	5	32	13250	29	0.382534
ScCP	5	32	13250	30	0.362078
ScCP	5	32	13250	31	0.357619
ScCP	5	32	13250	32	0.355417
ScCP	5	32	13250	33	0.355578
ScCP	5	32	13250	34	0.387149
ScCP	5	32	13250	35	0.354208
ScCP	5	32	13250	36	0.340755
ScCP	5	32	13250	37	0.347779
ScCP	5	32	13250	38	0.343151
ScCP	5	32	13250	39	0.338432
ScCP	5	32	13250	40	0.329161
ScCP	5	32	13250	41	0.333319
ScCP	5	32	13250	42	0.335611
ScCP	5	32	13250	43	0.334299
ScCP	5	32	13250	44	0.318256
ScCP	5	32	13250	45	0.351410
ScCP	5	32	13250	46	0.326946
ScCP	5	32	13250	47	0.338948
ScCP	5	32	13250	48	0.315379
ScCP	5	32	13250	49	0.322134
ScCP	5	32	13250	50	0.323386
ScCP	5	64	26370	1	299.267620
ScCP	5	64	26370	2	17.253549
ScCP	5	64	26370	3	3.813188
ScCP	5	64	26370	4	4.079150
ScCP	5	64	26370	5	1.348248
ScCP	5	64	26370	6	0.875500
ScCP	5	64	26370	7	0.898470
ScCP	5	64	26370	8	0.668587
ScCP	5	64	26370	9	0.703173
ScCP	5	64	26370	10	0.569176
ScCP	5	64	26370	11	0.494212
ScCP	5	64	26370	12	0.492862
ScCP	5	64	26370	13	0.528466
ScCP	5	64	26370	14	0.460536
ScCP	5	64	26370	15	0.424030
ScCP	5	64	26370	16	0.445666
ScCP	5	64	26370	17	0.404219
ScCP	5	64	26370	18	0.387851
ScCP	5	64	26370	19	0.404988
ScCP	5	64	26370	20	0.393057
ScCP	5	64	26370	21	0.368500
ScCP	5	64	26370	22	0.371120
ScCP	5	64	26370	23	0.359539
ScCP	5	64	26370	24	0.356532
ScCP	5	64	26370	25	0.359144
ScCP	5	64	26370	26	0.350946
ScCP	5	64	26370	27	0.342208
ScCP	5	64	26370	28	0.347813
ScCP	5	64	26370	29	0.324526
ScCP	5	64	26370	30	0.361911
ScCP	5	64	26370	31	0.336332
ScCP	5	64	26370	32	0.336750
ScCP	5	64	26370	33	0.324799
ScCP	5	64	26370	34	0.326010
ScCP	5	64	26370	35	0.325761
ScCP	5	64	26370	36	0.342445
ScCP	5	64	26370	37	0.336160
ScCP	5	64	26370	38	0.317260
ScCP	5	64	26370	39	0.337646
ScCP	5	64	26370	40	0.311994
ScCP	5	64	26370	41	0.322955
ScCP	5	64	26370	42	0.310292
ScCP	5	64	26370	43	0.307937
ScCP	5	64	26370	44	0.304147
ScCP	5	64	26370	45	0.315886
ScCP	5	64	26370	46	0.311172
ScCP	5	64	26370	47	0.306427
ScCP	5	64	26370	48	0.298943
ScCP	5	64	26370	49	0.334787
ScCP	5	64	26370	50	0.292827
ScCP	5	128	52610	1	361.910301
ScCP	5	128	52610	2	117.256209
ScCP	5	128	52610	3	28.276369
ScCP	5	128	52610	4	7.209417
ScCP	5	128	52610	5	1.247072
ScCP	5	128	52610	6	0.883846
ScCP	5	128	52610	7	0.730388
ScCP	5	128	52610	8	0.538568
ScCP	5	128	52610	9	0.464823
ScCP	5	128	52610	10	0.431189
ScCP	5	128	52610	11	0.393369
ScCP	5	128	52610	12	0.458952
ScCP	5	128	52610	13	0.375160
ScCP	5	128	52610	14	0.357899
ScCP	5	128	52610	15	0.348357
ScCP	5	128	52610	16	0.344317
ScCP	5	128	52610	17	0.329756
ScCP	5	128	52610	18	0.328731
ScCP	5	128	52610	19	0.328086
ScCP	5	128	52610	20	0.314573
ScCP	5	128	52610	21	0.313909
ScCP	5	128	52610	22	0.309413
ScCP	5	128	52610	23	0.302668
ScCP	5	128	52610	24	0.311385
ScCP	5	128	52610	25	0.308392
ScCP	5	128	52610	26	0.302140
ScCP	5	128	52610	27	0.293594
ScCP	5	128	52610	28	0.295487
ScCP	5	128	52610	29	0.296738
ScCP	5	128	52610	30	0.295140
ScCP	5	128	52610	31	0.290006
ScCP	5	128	52610	32	0.289669
ScCP	5	128	52610	33	0.280598
ScCP	5	128	52610	34	0.299206
ScCP	5	128	52610	35	0.294945
ScCP	5	128	52610	36	0.279153
ScCP	5	128	52610	37	0.281954
ScCP	5	128	52610	38	0.281276
ScCP	5	128	52610	39	0.281320
ScCP	5	128	52610	40	0.278116
ScCP	5	128	52610	41	0.296247
ScCP	5	128	52610	42	0.276675
ScCP	5	128	52610	43	0.286599
ScCP	5	128	52610	44	0.274625
ScCP	5	128	52610	45	0.271430
ScCP	5	128	52610	46	0.272129
ScCP	5	128	52610	47	0.293755
ScCP	5	128	52610	48	0.284668
ScCP	5	128	52610	49	0.272273
ScCP	5	128	52610	50	0.269270
ScCP	10	32	26500	1	21.506317
ScCP	10	32	26500	2	0.899118
ScCP	10	32	26500	3	0.651045
ScCP	10	32	26500	4	0.555531
ScCP	10	32	26500	5	0.486892
ScCP	10	32	26500	6	0.450585
ScCP	10	32	26500	7	0.436086
ScCP	10	32	26500	8	0.407235
ScCP	10	32	26500	9	0.387829
ScCP	10	32	26500	10	0.380661
ScCP	10	32	26500	11	0.369049
ScCP	10	32	26500	12	0.360443
ScCP	10	32	26500	13	0.360979
ScCP	10	32	26500	14	0.358673
ScCP	10	32	26500	15	0.336677
ScCP	10	32	26500	16	0.350774
ScCP	10	32	26500	17	0.345405
ScCP	10	32	26500	18	0.328252
ScCP	10	32	26500	19	0.336046
ScCP	10	32	26500	20	0.322856
ScCP	10	32	26500	21	0.335983
ScCP	10	32	26500	22	0.321683
ScCP	10	32	26500	23	0.323774
ScCP	10	32	26500	24	0.308172
ScCP	10	32	26500	25	0.329865
ScCP	10	32	26500	26	0.306540
ScCP	10	32	26500	27	0.317520
ScCP	10	32	26500	28	0.300329
ScCP	10	32	26500	29	0.312170
ScCP	10	32	26500	30	0.301439
ScCP	10	32	26500	31	0.296331
ScCP	10	32	26500	32	0.294801
ScCP	10	32	26500	33	0.302827
ScCP	10	32	26500	34	0.297343
ScCP	10	32	26500	35	0.289619
ScCP	10	32	26500	36	0.294419
ScCP	10	32	26500	37	0.297754
ScCP	10	32	26500	38	0.300183
ScCP	10	32	26500	39	0.292615
ScCP	10	32	26500	40	0.299932
ScCP	10	32	26500	41	0.295550
ScCP	10	32	26500	42	0.291453
ScCP	10	32	26500	43	0.301059
ScCP	10	32	26500	44	0.290718
ScCP	10	32	26500	45	0.289177
ScCP	10	32	26500	46	0.293289
ScCP	10	32	26500	47	0.281506
ScCP	10	32	26500	48	0.284252
ScCP	10	32	26500	49	0.286429
ScCP	10	32	26500	50	0.278801
ScCP	10	64	52740	1	158.533206
ScCP	10	64	52740	2	39.988324
ScCP	10	64	52740	3	9.869720
ScCP	10	64	52740	4	5.941967
ScCP	10	64	52740	5	1.269958
ScCP	10	64	52740	6	0.775180
ScCP	10	64	52740	7	0.599111
ScCP	10	64	52740	8	0.523689
ScCP	10	64	52740	9	0.472209
ScCP	10	64	52740	10	0.448565
ScCP	10	64	52740	11	0.432965
ScCP	10	64	52740	12	0.398989
ScCP	10	64	52740	13	0.372562
ScCP	10	64	52740	14	0.353741
ScCP	10	64	52740	15	0.351238
ScCP	10	64	52740	16	0.361034
ScCP	10	64	52740	17	0.352243
ScCP	10	64	52740	18	0.333318
ScCP	10	64	52740	19	0.332521
ScCP	10	64	52740	20	0.327697
ScCP	10	64	52740	21	0.327223
ScCP	10	64	52740	22	0.339411
ScCP	10	64	52740	23	0.319753
ScCP	10	64	52740	24	0.353211
ScCP	10	64	52740	25	0.312392
ScCP	10	64	52740	26	0.310516
ScCP	10	64	52740	27	0.302532
ScCP	10	64	52740	28	0.318255
ScCP	10	64	52740	29	0.310543
ScCP	10	64	52740	30	0.300265
ScCP	10	64	52740	31	0.304657
ScCP	10	64	52740	32	0.313109
ScCP	10	64	52740	33	0.289378
ScCP	10	64	52740	34	0.294850
ScCP	10	64	52740	35	0.293691
ScCP	10	64	52740	36	0.291129
ScCP	10	64	52740	37	0.298783
ScCP	10	64	52740	38	0.287411
ScCP	10	64	52740	39	0.285161
ScCP	10	64	52740	40	0.303070
ScCP	10	64	52740	41	0.288433
ScCP	10	64	52740	42	0.297570
ScCP	10	64	52740	43	0.288362
ScCP	10	64	52740	44	0.277740
ScCP	10	64	52740	45	0.280977
ScCP	10	64	52740	46	0.280961
ScCP	10	64	52740	47	0.294175
ScCP	10	64	52740	48	0.288641
ScCP	10	64	52740	49	0.278540
ScCP	10	64	52740	50	0.277744
ScCP	10	128	105220	1	668.648522
ScCP	10	128	105220	2	21.865377
ScCP	10	128	105220	3	2.913921
ScCP	10	128	105220	4	0.978562
ScCP	10	128	105220	5	0.710001
ScCP	10	128	105220	6	0.554911
ScCP	10	128	105220	7	0.496729
ScCP	10	128	105220	8	0.447480
ScCP	10	128	105220	9	0.487701
ScCP	10	128	105220	10	0.407724
ScCP	10	128	105220	11	0.390839
ScCP	10	128	105220	12	0.388689
ScCP	10	128	105220	13	0.371111
ScCP	10	128	105220	14	0.358060
ScCP	10	128	105220	15	0.370755
ScCP	10	128	105220	16	0.335469
ScCP	10	128	105220	17	0.354314
ScCP	10	128	105220	18	0.327689
ScCP	10	128	105220	19	0.328575
ScCP	10	128	105220	20	0.350417
ScCP	10	128	105220	21	0.327372
ScCP	10	128	105220	22	0.310795
ScCP	10	128	105220	23	0.307614
ScCP	10	128	105220	24	0.310541
ScCP	10	128	105220	25	0.306549
ScCP	10	128	105220	26	0.339077
ScCP	10	128	105220	27	0.346560
ScCP	10	128	105220	28	0.349271
ScCP	10	128	105220	29	0.298810
ScCP	10	128	105220	30	0.318108
ScCP	10	128	105220	31	0.303510
ScCP	10	128	105220	32	0.300109
ScCP	10	128	105220	33	0.298305
ScCP	10	128	105220	34	0.287081
ScCP	10	128	105220	35	0.278765
ScCP	10	128	105220	36	0.278775
ScCP	10	128	105220	37	0.285281
ScCP	10	128	105220	38	0.281665
ScCP	10	128	105220	39	0.272396
ScCP	10	128	105220	40	0.282232
ScCP	10	128	105220	41	0.279536
ScCP	10	128	105220	42	0.270558
ScCP	10	128	105220	43	0.267184
ScCP	10	128	105220	44	0.276369
ScCP	10	128	105220	45	0.281553
ScCP	10	128	105220	46	0.280818
ScCP	10	128	105220	47	0.272400
ScCP	10	128	105220	48	0.310009
ScCP	10	128	105220	49	0.283761
ScCP	10	128	105220	50	0.306439
ScCP	20	32	53000	1	51.226465
ScCP	20	32	53000	2	30.046500
ScCP	20	32	53000	3	15.428607
ScCP	20	32	53000	4	3.277284
ScCP	20	32	53000	5	2.248255
ScCP	20	32	53000	6	1.319425
ScCP	20	32	53000	7	1.013338
ScCP	20	32	53000	8	0.781147
ScCP	20	32	53000	9	0.695446
ScCP	20	32	53000	10	0.577179
ScCP	20	32	53000	11	0.554963
ScCP	20	32	53000	12	0.486443
ScCP	20	32	53000	13	0.460742
ScCP	20	32	53000	14	0.431750
ScCP	20	32	53000	15	0.447826
ScCP	20	32	53000	16	0.437060
ScCP	20	32	53000	17	0.405560
ScCP	20	32	53000	18	0.400757
ScCP	20	32	53000	19	0.386557
ScCP	20	32	53000	20	0.373773
ScCP	20	32	53000	21	0.375332
ScCP	20	32	53000	22	0.352678
ScCP	20	32	53000	23	0.353091
ScCP	20	32	53000	24	0.365138
ScCP	20	32	53000	25	0.361837
ScCP	20	32	53000	26	0.344260
ScCP	20	32	53000	27	0.333120
ScCP	20	32	53000	28	0.350164
ScCP	20	32	53000	29	0.344073
ScCP	20	32	53000	30	0.327133
ScCP	20	32	53000	31	0.326768
ScCP	20	32	53000	32	0.328721
ScCP	20	32	53000	33	0.331098
ScCP	20	32	53000	34	0.330129
ScCP	20	32	53000	35	0.324981
ScCP	20	32	53000	36	0.313847
ScCP	20	32	53000	37	0.322103
ScCP	20	32	53000	38	0.317134
ScCP	20	32	53000	39	0.306222
ScCP	20	32	53000	40	0.312749
ScCP	20	32	53000	41	0.318966
ScCP	20	32	53000	42	0.319736
ScCP	20	32	53000	43	0.456146
ScCP	20	32	53000	44	0.321661
ScCP	20	32	53000	45	0.305989
ScCP	20	32	53000	46	0.306404
ScCP	20	32	53000	47	0.302474
ScCP	20	32	53000	48	0.298998
ScCP	20	32	53000	49	0.301197
ScCP	20	32	53000	50	0.315304
ScCP	20	64	105480	1	42.550859
ScCP	20	64	105480	2	2.282276
ScCP	20	64	105480	3	1.390890
ScCP	20	64	105480	4	0.651640
ScCP	20	64	105480	5	0.517403
ScCP	20	64	105480	6	0.458437
ScCP	20	64	105480	7	0.436779
ScCP	20	64	105480	8	0.417234
ScCP	20	64	105480	9	0.393839
ScCP	20	64	105480	10	0.379966
ScCP	20	64	105480	11	0.373210
ScCP	20	64	105480	12	0.373243
ScCP	20	64	105480	13	0.368808
ScCP	20	64	105480	14	0.345253
ScCP	20	64	105480	15	0.346885
ScCP	20	64	105480	16	0.336396
ScCP	20	64	105480	17	0.333463
ScCP	20	64	105480	18	0.329710
ScCP	20	64	105480	19	0.339163
ScCP	20	64	105480	20	0.333214
ScCP	20	64	105480	21	0.322232
ScCP	20	64	105480	22	0.313591
ScCP	20	64	105480	23	0.314477
ScCP	20	64	105480	24	0.309561
ScCP	20	64	105480	25	0.312860
ScCP	20	64	105480	26	0.306714
ScCP	20	64	105480	27	0.302689
ScCP	20	64	105480	28	0.315694
ScCP	20	64	105480	29	0.300552
ScCP	20	64	105480	30	0.295477
ScCP	20	64	105480	31	0.299873
ScCP	20	64	105480	32	0.301477
ScCP	20	64	105480	33	0.313100
ScCP	20	64	105480	34	0.292240
ScCP	20	64	105480	35	0.287293
ScCP	20	64	105480	36	0.288408
ScCP	20	64	105480	37	0.285954
ScCP	20	64	105480	38	0.289581
ScCP	20	64	105480	39	0.290172
ScCP	20	64	105480	40	0.287459
ScCP	20	64	105480	41	0.287833
ScCP	20	64	105480	42	0.282509
ScCP	20	64	105480	43	0.280431
ScCP	20	64	105480	44	0.279964
ScCP	20	64	105480	45	0.390912
ScCP	20	64	105480	46	0.310031
ScCP	20	64	105480	47	0.281388
ScCP	20	64	105480	48	0.281412
ScCP	20	64	105480	49	0.293942
ScCP	20	64	105480	50	0.278212
ScCP	20	128	210440	1	217.156516
ScCP	20	128	210440	2	28.120186
ScCP	20	128	210440	3	7.054013
ScCP	20	128	210440	4	3.203827
ScCP	20	128	210440	5	1.348114
ScCP	20	128	210440	6	1.264808
ScCP	20	128	210440	7	1.590531
ScCP	20	128	210440	8	0.894032
ScCP	20	128	210440	9	0.656920
ScCP	20	128	210440	10	0.490754
ScCP	20	128	210440	11	0.543080
ScCP	20	128	210440	12	0.477568
ScCP	20	128	210440	13	0.421198
ScCP	20	128	210440	14	0.408745
ScCP	20	128	210440	15	0.403728
ScCP	20	128	210440	16	0.410956
ScCP	20	128	210440	17	0.395582
ScCP	20	128	210440	18	0.359865
ScCP	20	128	210440	19	0.354735
ScCP	20	128	210440	20	0.351336
ScCP	20	128	210440	21	0.337769
ScCP	20	128	210440	22	0.344746
ScCP	20	128	210440	23	0.332517
ScCP	20	128	210440	24	0.322867
ScCP	20	128	210440	25	1.003833
ScCP	20	128	210440	26	0.629087
ScCP	20	128	210440	27	0.393678
ScCP	20	128	210440	28	0.349904
ScCP	20	128	210440	29	0.314961
ScCP	20	128	210440	30	0.334277
ScCP	20	128	210440	31	0.315096
ScCP	20	128	210440	32	0.302494
ScCP	20	128	210440	33	0.303014
ScCP	20	128	210440	34	0.306567
ScCP	20	128	210440	35	0.305863
ScCP	20	128	210440	36	0.297738
ScCP	20	128	210440	37	0.291273
ScCP	20	128	210440	38	0.325313
ScCP	20	128	210440	39	0.304194
ScCP	20	128	210440	40	0.299682
ScCP	20	128	210440	41	0.327972
ScCP	20	128	210440	42	0.291989
ScCP	20	128	210440	43	0.290638
ScCP	20	128	210440	44	0.283569
ScCP	20	128	210440	45	0.285964
ScCP	20	128	210440	46	0.302351
ScCP	20	128	210440	47	0.286312
ScCP	20	128	210440	48	0.286735
ScCP	20	128	210440	49	0.281370
ScCP	20	128	210440	50	0.282441
SmallUNet		32	176705	1	0.989187
SmallUNet		32	176705	2	0.477594
SmallUNet		32	176705	3	0.416484
SmallUNet		32	176705	4	0.398848
SmallUNet		32	176705	5	0.388225
SmallUNet		32	176705	6	0.379639
SmallUNet		32	176705	7	0.370267
SmallUNet		32	176705	8	0.363896
SmallUNet		32	176705	9	0.356475
SmallUNet		32	176705	10	0.346702
SmallUNet		32	176705	11	0.342913
SmallUNet		32	176705	12	0.330308
SmallUNet		32	176705	13	0.335019
SmallUNet		32	176705	14	0.334290
SmallUNet		32	176705	15	0.332750
SmallUNet		32	176705	16	0.329495
SmallUNet		32	176705	17	0.327710
SmallUNet		32	176705	18	0.325879
SmallUNet		32	176705	19	0.328696
SmallUNet		32	176705	20	0.324438
SmallUNet		32	176705	21	0.325752
SmallUNet		32	176705	22	0.325294
SmallUNet		32	176705	23	0.321754
SmallUNet		32	176705	24	0.321258
SmallUNet		32	176705	25	0.320227
SmallUNet		32	176705	26	0.321150
SmallUNet		32	176705	27	0.322522
SmallUNet		32	176705	28	0.320942
SmallUNet		32	176705	29	0.318845
SmallUNet		32	176705	30	0.318228
SmallUNet		32	176705	31	0.315179
SmallUNet		32	176705	32	0.317939
SmallUNet		32	176705	33	0.319268
SmallUNet		32	176705	34	0.316171
SmallUNet		32	176705	35	0.314650
SmallUNet		32	176705	36	0.317474
SmallUNet		32	176705	37	0.319244
SmallUNet		32	176705	38	0.318700
SmallUNet		32	176705	39	0.313253
SmallUNet		32	176705	40	0.316198
SmallUNet		32	176705	41	0.316145
SmallUNet		32	176705	42	0.314149
SmallUNet		32	176705	43	0.312939
SmallUNet		32	176705	44	0.316151
SmallUNet		32	176705	45	0.314162
SmallUNet		32	176705	46	0.311678
SmallUNet		32	176705	47	0.316384
SmallUNet		32	176705	48	0.312918
SmallUNet		32	176705	49	0.316010
SmallUNet		32	176705	50	0.308972
SmallUNet		64	703617	1	1.574704
SmallUNet		64	703617	2	1.177826
SmallUNet		64	703617	3	0.618506
SmallUNet		64	703617	4	0.452313
SmallUNet		64	703617	5	0.421394
SmallUNet		64	703617	6	0.400205
SmallUNet		64	703617	7	0.379278
SmallUNet		64	703617	8	0.373130
SmallUNet		64	703617	9	0.368444
SmallUNet		64	703617	10	0.355837
SmallUNet		64	703617	11	0.344493
SmallUNet		64	703617	12	0.347605
SmallUNet		64	703617	13	0.344499
SmallUNet		64	703617	14	0.338438
SmallUNet		64	703617	15	0.339573
SmallUNet		64	703617	16	0.333070
SmallUNet		64	703617	17	0.335597
SmallUNet		64	703617	18	0.329508
SmallUNet		64	703617	19	0.325284
SmallUNet		64	703617	20	0.331569
SmallUNet		64	703617	21	0.321938
SmallUNet		64	703617	22	0.325811
SmallUNet		64	703617	23	0.322168
SmallUNet		64	703617	24	0.326666
SmallUNet		64	703617	25	0.320228
SmallUNet		64	703617	26	0.316441
SmallUNet		64	703617	27	0.322833
SmallUNet		64	703617	28	0.318378
SmallUNet		64	703617	29	0.320207
SmallUNet		64	703617	30	0.318898
SmallUNet		64	703617	31	0.316523
SmallUNet		64	703617	32	0.313942
SmallUNet		64	703617	33	0.315814
SmallUNet		64	703617	34	0.319910
SmallUNet		64	703617	35	0.309961
SmallUNet		64	703617	36	0.314180
SmallUNet		64	703617	37	0.314515
SmallUNet		64	703617	38	0.315327
SmallUNet		64	703617	39	0.314370
SmallUNet		64	703617	40	0.315038
SmallUNet		64	703617	41	0.314841
SmallUNet		64	703617	42	0.313036
SmallUNet		64	703617	43	0.311817
SmallUNet		64	703617	44	0.312366
SmallUNet		64	703617	45	0.313184
SmallUNet		64	703617	46	0.310650
SmallUNet		64	703617	47	0.313212
SmallUNet		64	703617	48	0.313118
SmallUNet		64	703617	49	0.310994
SmallUNet		64	703617	50	0.308836
SmallUNet		128	2808065	1	1.882966
SmallUNet		128	2808065	2	1.281479
SmallUNet		128	2808065	3	1.138690
SmallUNet		128	2808065	4	0.562836
SmallUNet		128	2808065	5	0.444358
SmallUNet		128	2808065	6	0.411360
SmallUNet		128	2808065	7	0.400980
SmallUNet		128	2808065	8	0.392049
SmallUNet		128	2808065	9	0.377996
SmallUNet		128	2808065	10	0.373824
SmallUNet		128	2808065	11	0.370303
SmallUNet		128	2808065	12	0.363290
SmallUNet		128	2808065	13	0.365829
SmallUNet		128	2808065	14	0.350731
SmallUNet		128	2808065	15	0.348332
SmallUNet		128	2808065	16	0.345000
SmallUNet		128	2808065	17	0.339185
SmallUNet		128	2808065	18	0.332538
SmallUNet		128	2808065	19	0.331737
SmallUNet		128	2808065	20	0.331728
SmallUNet		128	2808065	21	0.327688
SmallUNet		128	2808065	22	0.322957
SmallUNet		128	2808065	23	0.326996
SmallUNet		128	2808065	24	0.327878
SmallUNet		128	2808065	25	0.321184
SmallUNet		128	2808065	26	0.328901
SmallUNet		128	2808065	27	0.318319
SmallUNet		128	2808065	28	0.321899
SmallUNet		128	2808065	29	0.319507
SmallUNet		128	2808065	30	0.321714
SmallUNet		128	2808065	31	0.323672
SmallUNet		128	2808065	32	0.318769
SmallUNet		128	2808065	33	0.316411
SmallUNet		128	2808065	34	0.318761
SmallUNet		128	2808065	35	0.313747
SmallUNet		128	2808065	36	0.318382
SmallUNet		128	2808065	37	0.315465
SmallUNet		128	2808065	38	0.316263
SmallUNet		128	2808065	39	0.313797
SmallUNet		128	2808065	40	0.314824
SmallUNet		128	2808065	41	0.313526
SmallUNet		128	2808065	42	0.313803
SmallUNet		128	2808065	43	0.311163
SmallUNet		128	2808065	44	0.314508
SmallUNet		128	2808065	45	0.310570
SmallUNet		128	2808065	46	0.306592
SmallUNet		128	2808065	47	0.310873
SmallUNet		128	2808065	48	0.313090
SmallUNet		128	2808065	49	0.307840
SmallUNet		128	2808065	50	0.313462
